{
  "rmse": 0.14653778076171875,
  "mae": 0.14653778076171875,
  "mape": 1.0312299814801953
}